,City,Country,Lat,Lng,Max Temp,Humidity,Cloudiness,Wind Speed,Current Description
0,Ostrovnoy,RU,68.0531,39.5131,36.41,97,100,27.25,moderate rain
1,Ilorin,NG,8.5,4.55,91.76,52,20,3.44,thunderstorm
2,Bud,US,39.447,-86.1758,48.06,54,7,13.78,clear sky
3,Kilrush,IE,52.6397,-9.4833,58.75,92,100,23.11,overcast clouds
4,Thompson,CA,55.7435,-97.8558,39.36,70,75,10.36,broken clouds
5,Port Alfred,ZA,-33.5906,26.891,69.19,91,7,11.7,clear sky
6,Palafrugell,ES,41.9174,3.1631,74.16,55,63,7.63,broken clouds
7,Carnarvon,AU,-24.8667,113.6333,66.4,82,0,12.06,clear sky
8,Barrow,US,71.2906,-156.7887,24.82,86,100,10.36,overcast clouds
9,Ushuaia,AR,-54.8,-68.3,51.46,40,20,16.11,few clouds
10,Kamenka,RU,51.3223,42.7678,50.32,73,100,12.77,overcast clouds
11,New Norfolk,AU,-42.7826,147.0587,46.71,63,58,3.2,broken clouds
12,Sompeta,IN,18.9333,84.6,77.9,84,18,4.03,few clouds
13,Victor Harbor,AU,-35.5667,138.6167,59.0,89,63,9.53,broken clouds
14,San Quintin,MX,30.4833,-115.95,77.74,49,5,1.81,clear sky
15,Srednekolymsk,RU,67.45,153.6833,12.13,92,100,20.78,light snow
16,Hobart,AU,-42.8794,147.3294,47.05,87,31,5.75,scattered clouds
17,Nikolskoye,RU,59.7035,30.7861,38.91,91,11,5.28,few clouds
18,Punta Arenas,CL,-53.15,-70.9167,50.11,46,0,32.21,clear sky
19,Yuksekova,TR,37.5736,44.2872,55.22,38,97,4.76,overcast clouds
20,Broome,US,42.2506,-75.833,43.86,72,100,11.5,overcast clouds
21,Hithadhoo,MV,-0.6,73.0833,80.1,78,100,7.49,overcast clouds
22,Port Hardy,CA,50.6996,-127.4199,51.98,100,75,3.44,broken clouds
23,Bluff,NZ,-46.6,168.3333,46.74,71,100,21.63,overcast clouds
24,Limon,CR,10.0,-83.0333,85.89,66,40,10.36,scattered clouds
25,Vestmannaeyjar,IS,63.4427,-20.2734,43.79,93,100,9.22,drizzle
26,Puerto Ayora,EC,-0.7393,-90.3518,75.16,86,87,7.0,overcast clouds
27,Kavaratti,IN,10.5669,72.642,81.3,77,100,15.05,overcast clouds
28,Laguna,US,38.421,-121.4238,80.08,52,0,6.91,clear sky
29,Rikitea,PF,-23.1203,-134.9692,70.12,68,41,17.52,scattered clouds
30,Port Elizabeth,ZA,-33.918,25.5701,72.32,88,20,11.5,few clouds
31,Albany,US,42.6001,-73.9662,50.4,57,30,1.01,scattered clouds
32,Kapaa,US,22.0752,-159.319,73.38,86,100,5.75,light rain
33,Henties Bay,NA,-22.116,14.2845,59.32,88,56,12.53,broken clouds
34,Ribeira Grande,PT,38.5167,-28.7,63.77,82,75,23.02,light intensity shower rain
35,Peniche,PT,39.3558,-9.3811,64.08,90,91,15.57,overcast clouds
36,Georgetown,MY,5.4112,100.3354,82.24,87,20,10.36,few clouds
37,Upernavik,GL,72.7868,-56.1549,18.46,82,84,4.63,broken clouds
38,Marawi,PH,7.9986,124.2928,69.85,93,98,3.69,overcast clouds
39,Victoria,HK,22.2855,114.1577,75.33,71,97,5.99,overcast clouds
40,Vaini,TO,-21.2,-175.2,71.76,94,20,1.14,few clouds
41,Waddan,LY,29.1614,16.139,73.13,46,63,9.42,broken clouds
42,Praia,CV,14.9215,-23.5087,88.34,62,20,10.36,few clouds
43,Houma,US,29.5958,-90.7195,59.0,48,0,8.14,clear sky
44,Nortelandia,BR,-14.4547,-56.8028,100.27,28,96,5.08,overcast clouds
45,Tiksi,RU,71.6872,128.8694,19.58,81,100,14.03,overcast clouds
46,Codrington,AU,-38.2667,141.9667,49.1,94,2,6.42,clear sky
47,Alofi,NU,-19.0595,-169.9187,73.29,100,22,3.44,few clouds
48,Atasu,KZ,48.6814,71.6433,45.57,43,100,21.7,overcast clouds
49,Cape Town,ZA,-33.9258,18.4232,69.89,74,0,10.36,clear sky
50,North Platte,US,41.1239,-100.7654,58.32,27,66,8.34,broken clouds
51,Jamestown,US,42.097,-79.2353,40.59,97,100,12.66,mist
52,Faya,SA,18.3851,42.4509,68.11,45,3,2.95,clear sky
53,Santa Vitoria,BR,-18.8386,-50.1214,96.67,23,83,4.63,broken clouds
54,Sukhumi,GE,43.0033,41.0153,65.19,72,96,6.2,overcast clouds
55,Butaritari,KI,3.0707,172.7902,81.28,71,67,14.76,broken clouds
56,Touho,NC,-20.7833,165.2333,73.63,77,78,13.62,broken clouds
57,Wattegama,LK,6.7989,81.4808,74.89,92,93,1.66,overcast clouds
58,Bethel,US,41.3712,-73.414,53.55,55,4,3.0,clear sky
59,Hervey Bay,AU,-25.2986,152.8535,67.01,93,100,5.99,moderate rain
60,Saskylakh,RU,71.9167,114.0833,6.51,91,66,10.74,broken clouds
61,Qaanaaq,GL,77.484,-69.3632,-0.69,72,2,7.83,clear sky
62,Angoche,MZ,-16.2325,39.9086,77.11,79,1,10.22,clear sky
63,Aksha,RU,50.2814,113.2867,40.41,57,100,1.12,overcast clouds
64,Hilo,US,19.7297,-155.09,80.28,88,91,5.01,overcast clouds
65,Atuona,PF,-9.8,-139.0333,76.71,67,15,15.93,few clouds
66,Paramonga,PE,-10.6667,-77.8333,66.33,72,92,12.8,overcast clouds
67,Ancud,CL,-41.8697,-73.8203,62.22,79,64,8.79,broken clouds
68,Tuktoyaktuk,CA,69.4541,-133.0374,26.91,86,100,5.39,overcast clouds
69,Mar Del Plata,AR,-38.0023,-57.5575,64.94,88,40,18.99,scattered clouds
70,Vanimo,PG,-2.6741,141.3028,76.82,91,97,3.8,overcast clouds
71,Mataura,NZ,-46.1927,168.8643,36.57,99,90,2.37,overcast clouds
72,Lompoc,US,34.6391,-120.4579,85.84,55,0,9.22,clear sky
73,Ponta Do Sol,PT,32.6667,-17.1,77.72,71,97,9.01,overcast clouds
74,Avarua,CK,-21.2078,-159.775,73.45,78,75,5.75,broken clouds
75,Todos Santos,MX,23.45,-110.2167,84.31,69,40,5.26,scattered clouds
76,Vardo,NO,70.3705,31.1107,37.38,87,40,36.82,scattered clouds
77,Cayenne,GF,4.9333,-52.3333,87.84,62,40,14.97,scattered clouds
78,Riyadh,SA,24.6877,46.7219,84.34,12,38,2.8,scattered clouds
79,Kruisfontein,ZA,-34.0033,24.7314,76.8,60,51,6.93,broken clouds
80,Faanui,PF,-16.4833,-151.75,77.32,77,10,6.15,clear sky
81,Dikson,RU,73.5069,80.5464,32.2,99,100,8.81,light snow
82,Hermanus,ZA,-34.4187,19.2345,64.8,85,59,15.88,broken clouds
83,Ormara,PK,25.2088,64.6357,80.62,68,19,7.07,few clouds
84,Hasaki,JP,35.7333,140.8333,54.28,58,30,16.82,scattered clouds
85,Adrar,MR,20.5022,-10.0711,96.48,10,2,6.6,clear sky
86,Carutapera,BR,-1.195,-46.02,88.81,56,98,12.41,overcast clouds
87,Progreso,MX,21.2833,-89.6667,74.89,84,100,17.38,light rain
88,Kodinsk,RU,58.6881,99.1844,30.88,99,99,2.44,overcast clouds
89,Khatanga,RU,71.9667,102.5,16.07,95,100,5.32,light snow
90,Busselton,AU,-33.65,115.3333,56.1,89,20,5.01,few clouds
91,Quatre Cocos,MU,-20.2078,57.7625,71.71,75,64,15.55,broken clouds
92,Farroupilha,BR,-29.225,-51.3478,74.08,79,40,9.22,scattered clouds
93,Corinto,GR,37.9407,22.9573,64.89,44,0,2.33,clear sky
94,Damavand,IR,35.7178,52.065,51.71,69,2,1.5,clear sky
95,Yellowknife,CA,62.456,-114.3525,41.52,87,100,12.66,overcast clouds
96,Fukuma,JP,33.7667,130.4667,55.4,59,0,6.64,clear sky
97,Kone,NC,-21.0595,164.8658,69.51,85,61,3.98,broken clouds
98,Lagoa,PT,39.05,-27.9833,65.16,75,100,33.71,light rain
99,Naantali,FI,60.4674,22.0243,45.86,87,75,4.61,broken clouds
100,Bredasdorp,ZA,-34.5322,20.0403,66.94,67,6,10.42,clear sky
101,Port Blair,IN,11.6667,92.75,80.28,79,100,10.71,overcast clouds
102,Whithorn,JM,18.2604,-78.0378,83.46,65,34,2.68,scattered clouds
103,Mosquera,CO,4.7059,-74.2302,66.29,52,75,5.75,broken clouds
104,Kalmunai,LK,7.4167,81.8167,79.88,82,84,3.2,moderate rain
105,Mount Gambier,AU,-37.8333,140.7667,53.51,94,100,11.5,overcast clouds
106,East London,ZA,-33.0153,27.9116,76.14,78,0,8.05,clear sky
107,Tasiilaq,GL,65.6145,-37.6368,29.16,85,43,2.53,scattered clouds
108,Pilar,BR,-9.5972,-35.9567,82.33,63,34,11.88,scattered clouds
109,Pokhara,NP,28.2333,83.9833,60.24,66,1,6.42,clear sky
110,Kavieng,PG,-2.5744,150.7967,81.66,78,83,11.39,light rain
111,Saint George,US,37.1041,-113.5841,69.44,28,0,1.01,clear sky
112,Lucea,JM,18.451,-78.1736,85.86,69,28,5.21,scattered clouds
113,Batemans Bay,AU,-35.7167,150.1833,56.71,92,98,2.77,overcast clouds
114,Clyde River,CA,70.4692,-68.5914,14.23,62,75,6.91,broken clouds
115,Moose Factory,CA,51.2585,-80.6094,42.8,100,100,6.91,mist
116,Bologoye,RU,57.8799,34.1068,40.51,92,100,7.29,overcast clouds
117,Chuy,UY,-33.6971,-53.4616,68.18,74,62,12.3,broken clouds
118,Shelburne,CA,44.0787,-80.2041,45.75,81,68,10.18,broken clouds
119,Curup,ID,-3.4667,102.5333,67.64,97,100,1.45,light rain
120,Flin Flon,CA,54.7682,-101.865,46.24,76,75,8.05,broken clouds
121,Airai,TL,-8.9266,125.4092,64.0,88,100,0.34,overcast clouds
122,Kaitangata,NZ,-46.2817,169.8464,39.36,86,87,5.68,overcast clouds
123,Kahului,US,20.8947,-156.47,75.85,85,84,1.99,broken clouds
124,Esperance,AU,-33.8667,121.9,64.27,53,1,18.92,clear sky
125,Siniscola,IT,40.5719,9.6922,71.15,79,0,1.14,clear sky
126,Bengkulu,ID,-3.8004,102.2655,75.78,92,100,3.24,light rain
127,Kiruna,SE,67.8557,20.2251,40.12,70,20,9.22,few clouds
128,Touros,BR,-5.1989,-35.4608,83.77,62,13,19.26,few clouds
129,Bowen,AU,-20.0167,148.2333,75.79,85,99,10.58,light rain
130,Srivardhan,IN,18.0333,73.0167,79.0,86,51,2.62,broken clouds
131,Pochutla,MX,15.7432,-96.4661,72.82,91,100,1.92,light rain
132,Vilhena,BR,-12.7406,-60.1458,80.82,69,20,6.91,few clouds
133,Saint-Philippe,RE,-21.3585,55.7679,71.19,75,51,9.44,broken clouds
134,Auriflama,BR,-20.6856,-50.5547,91.58,28,63,7.34,broken clouds
135,Castro,BR,-24.7911,-50.0119,73.13,73,39,6.78,scattered clouds
136,Nanortalik,GL,60.1432,-45.2371,38.05,96,100,21.72,overcast clouds
137,Pangnirtung,CA,66.1451,-65.7125,23.0,58,20,12.66,few clouds
138,Cabo San Lucas,MX,22.8909,-109.9124,85.6,67,36,2.98,scattered clouds
139,Cedar City,US,37.6775,-113.0619,60.4,28,51,1.05,broken clouds
140,Porto Velho,BR,-8.7619,-63.9039,89.65,62,75,4.61,broken clouds
141,Rawson,AR,-43.3002,-65.1023,77.85,26,10,11.01,clear sky
142,Arraial Do Cabo,BR,-22.9661,-42.0278,78.76,69,40,18.41,heavy intensity rain
143,Nueve De Julio,AR,-35.4444,-60.8831,75.96,47,54,3.0,broken clouds
144,Hofn,IS,64.2539,-15.2082,42.82,81,20,3.44,few clouds
145,Cidreira,BR,-30.1811,-50.2056,68.81,82,55,7.99,broken clouds
146,Pevek,RU,69.7008,170.3133,27.0,96,100,6.15,light snow
147,Aleppo,SY,36.25,37.5,71.13,40,42,10.29,scattered clouds
148,Longyearbyen,SJ,78.2186,15.6401,22.84,68,75,19.57,broken clouds
149,Comodoro Rivadavia,AR,-45.8667,-67.5,71.46,35,0,20.71,clear sky
150,Moron,AR,-34.6534,-58.6198,73.8,71,50,9.17,scattered clouds
151,Coihaique,CL,-45.5752,-72.0662,59.61,58,75,3.44,broken clouds
152,Margate,GB,51.3813,1.3862,61.3,82,74,5.01,broken clouds
153,Marzuq,YE,14.4,46.4667,73.29,25,23,1.05,few clouds
154,Walvis Bay,NA,-22.9575,14.5053,65.35,72,0,11.5,clear sky
155,Fortuna,US,40.5982,-124.1573,72.5,28,2,2.71,clear sky
156,Tuatapere,NZ,-46.1333,167.6833,40.21,85,100,5.48,overcast clouds
157,Iquique,CL,-20.2208,-70.1431,64.44,65,2,9.13,clear sky
158,Dunedin,NZ,-45.8742,170.5036,44.8,67,77,4.0,broken clouds
159,Chapais,CA,49.7834,-74.8492,45.43,65,17,4.9,few clouds
160,Sao Felix Do Xingu,BR,-6.6447,-51.995,92.95,39,54,3.8,broken clouds
161,Prince Rupert,CA,54.3161,-130.3201,55.09,81,100,20.71,light rain
162,Grindavik,IS,63.8424,-22.4338,43.27,75,75,14.97,broken clouds
163,Yulara,AU,-25.2406,130.9889,63.84,63,0,7.99,clear sky
164,San Andres,CO,12.5847,-81.7006,87.82,70,20,11.5,few clouds
165,Fairbanks,US,64.8378,-147.7164,30.6,95,100,4.61,fog
166,Saldanha,ZA,-33.0117,17.9442,69.85,94,47,13.18,scattered clouds
167,Roseburg,US,43.2165,-123.3417,46.51,100,100,3.44,mist
168,Ardahan,TR,41.1087,42.7022,55.17,43,100,5.12,light rain
169,Helong,CN,42.5397,128.9972,38.03,53,0,7.11,clear sky
170,Micheweni,TZ,-4.9667,39.8333,76.26,81,5,12.39,clear sky
171,Hirara,JP,24.8,125.2833,75.6,79,100,29.86,overcast clouds
172,Erzin,TR,36.9559,36.2,68.7,74,1,3.06,clear sky
173,Yerbogachen,RU,61.2767,108.0108,28.99,84,99,8.46,overcast clouds
174,Mana,GF,5.6592,-53.7767,85.19,68,71,12.28,broken clouds
175,Santa Vitoria Do Palmar,BR,-33.5189,-53.3681,69.12,72,49,12.17,scattered clouds
176,Kastornoye,RU,51.8334,38.1302,48.9,85,100,5.41,overcast clouds
177,Altay,CN,47.8667,88.1167,33.66,64,12,3.42,few clouds
178,Shache,CN,38.4167,77.2406,53.71,20,97,10.56,overcast clouds
179,Provideniya,RU,64.3833,-173.3,35.74,98,100,33.73,moderate rain
180,Cherskiy,RU,68.75,161.3,16.61,93,100,6.4,light snow
181,Zadonsk,RU,52.3904,38.9261,49.3,85,100,4.43,overcast clouds
182,Tocopilla,CL,-22.092,-70.1979,66.51,63,12,9.1,few clouds
183,Labuan,MY,5.2767,115.2417,79.16,94,20,0.0,few clouds
184,Kaeo,NZ,-35.1,173.7833,48.33,92,100,6.02,overcast clouds
185,Santa Marta,CO,11.2408,-74.199,89.65,74,40,12.66,light rain
186,Boa Vista,BR,2.8197,-60.6733,73.38,94,75,23.02,shower rain
187,Lavrentiya,RU,65.5833,-171.0,35.82,91,100,26.84,overcast clouds
188,Havelock,US,34.8791,-76.9013,56.98,46,0,8.01,clear sky
189,San Cristobal,VE,7.7669,-72.225,78.98,69,70,3.98,broken clouds
190,Glendive,US,47.1053,-104.7125,63.75,31,15,10.02,few clouds
191,Bulgan,MN,48.8125,103.5347,39.02,74,100,2.26,overcast clouds
192,Berbera,SO,10.4396,45.0143,84.65,61,0,5.86,clear sky
193,Manturovo,RU,58.3353,44.7619,40.35,74,90,4.27,overcast clouds
194,Buritis,BR,-15.6178,-46.4233,99.86,16,55,3.24,broken clouds
195,Derzhavinsk,KZ,51.1,66.3167,48.65,61,100,21.74,overcast clouds
196,Sur,OM,22.5667,59.5289,81.75,47,90,1.72,overcast clouds
197,Iqaluit,CA,63.7506,-68.5145,24.53,63,20,3.44,few clouds
198,Ust-Tarka,RU,55.5672,75.705,43.99,60,100,12.8,overcast clouds
199,Muisne,EC,0.6,-80.0333,77.05,76,100,10.45,overcast clouds
200,Kavali,IN,14.9167,79.9833,81.91,73,41,7.36,scattered clouds
201,Komsomolskiy,UZ,40.4272,71.7189,45.32,76,97,4.61,overcast clouds
202,Eufaula,US,31.8913,-85.1455,57.33,42,0,7.72,clear sky
203,Tilichiki,RU,60.4667,166.1,24.64,88,92,6.69,overcast clouds
204,Naze,JP,28.3667,129.4833,68.92,62,20,18.19,few clouds
205,Granada,ES,37.25,-3.25,78.75,31,99,6.02,overcast clouds
206,Hailar,CN,49.2,119.7,36.63,54,57,6.64,broken clouds
207,Westport,US,41.1415,-73.3579,55.15,53,4,11.01,clear sky
208,Port Washington,US,40.8257,-73.6982,54.99,48,5,3.0,clear sky
209,Sehithwa,BW,-20.4667,22.7167,80.71,32,100,2.15,overcast clouds
210,Whitehorse,CA,60.7161,-135.0538,41.77,91,100,14.97,light intensity shower rain
211,Guerrero Negro,MX,27.9769,-114.0611,77.97,53,3,5.59,clear sky
212,La Ronge,CA,55.1001,-105.2842,46.65,66,75,3.44,smoke
213,Mao,ES,39.8885,4.2658,72.16,88,20,3.44,few clouds
214,Lebu,CL,-37.6167,-73.65,56.1,76,72,6.62,broken clouds
215,Evensk,RU,61.95,159.2333,15.1,76,100,11.23,overcast clouds
216,Bokaa,BW,-24.45,26.0167,84.69,32,40,4.61,scattered clouds
217,Hambantota,LK,6.1241,81.1185,79.99,78,98,15.75,overcast clouds
218,Leningradskiy,RU,69.3833,178.4167,27.77,88,100,24.0,overcast clouds
219,Matamoros,MX,25.5333,-103.25,60.12,54,77,5.23,broken clouds
220,Roma,US,43.2128,-75.4557,48.96,63,74,10.0,broken clouds
221,Saint-Francois,FR,46.4154,3.9054,67.44,73,0,3.44,clear sky
222,Port Hedland,AU,-20.3167,118.5667,71.65,56,0,5.75,clear sky
223,Vanavara,RU,60.34,102.2797,29.89,83,100,5.14,overcast clouds
224,Mahebourg,MU,-20.4081,57.7,71.89,73,75,9.22,broken clouds
225,Sitka,US,57.0531,-135.33,52.3,93,100,18.77,light rain
226,Belmonte,BR,-15.8631,-38.8828,80.06,62,23,7.58,few clouds
227,Yumen,CN,40.2833,97.2,50.18,16,88,4.25,overcast clouds
228,Tromso,NO,69.6496,18.957,41.02,81,75,8.05,broken clouds
229,Caravelas,BR,-17.7125,-39.2481,81.37,60,46,10.42,scattered clouds
230,Norman Wells,CA,65.282,-126.8329,30.24,100,100,9.22,fog
231,Rio Grande,BR,-32.035,-52.0986,73.51,79,26,11.79,scattered clouds
232,Bambous Virieux,MU,-20.3428,57.7575,71.85,73,75,9.22,broken clouds
233,Lima,PE,-12.0432,-77.0282,68.9,68,100,6.91,overcast clouds
234,Pacific Grove,US,36.6177,-121.9166,84.42,45,80,3.0,broken clouds
235,Hamilton,US,39.1834,-84.5333,51.75,58,61,5.01,broken clouds
236,Porto Novo,BJ,6.4965,2.6036,85.82,77,65,9.66,light rain
237,North Bend,US,43.4065,-124.2243,51.71,100,100,14.97,mist
238,Acapulco,MX,16.8634,-99.8901,80.44,81,100,3.0,overcast clouds
239,Praya,CV,14.9215,-23.5087,88.34,62,20,10.36,few clouds
240,Voi,KE,-3.3945,38.563,73.26,65,80,12.33,broken clouds
241,Mattru,SL,7.6244,-11.8332,79.59,89,62,5.26,moderate rain
242,Popondetta,PG,-8.7537,148.2534,72.61,96,100,2.93,overcast clouds
243,Coquimbo,CL,-29.9533,-71.3436,62.33,63,20,12.66,few clouds
244,Beringovskiy,RU,63.05,179.3167,36.7,83,55,5.61,broken clouds
245,Mehamn,NO,71.0357,27.8492,39.11,75,75,25.32,light snow
246,Olinda,BR,-8.0089,-34.8553,83.93,61,40,13.8,scattered clouds
247,Trapani,IT,37.8333,12.6667,69.24,72,9,8.39,clear sky
248,Iisalmi,FI,63.5592,27.1907,34.03,94,99,5.57,overcast clouds
249,Lorengau,PG,-2.0226,147.2712,80.73,73,97,6.82,overcast clouds
250,Trofors,NO,65.5333,13.4063,42.67,95,100,6.51,overcast clouds
251,San Patricio,US,28.017,-97.5169,66.18,25,2,8.97,clear sky
252,Alcaniz,ES,41.05,-0.1333,77.14,55,100,7.96,overcast clouds
253,Dharchula,IN,29.85,80.5333,56.03,74,39,5.73,scattered clouds
254,Spartanburg,US,34.9496,-81.9321,56.59,34,0,6.91,clear sky
255,Meadow Lake,US,34.8014,-106.5436,63.43,67,0,3.65,clear sky
256,Bonthe,SL,7.5264,-12.505,80.19,80,39,8.01,moderate rain
257,Alice Springs,AU,-23.7,133.8833,60.35,77,0,3.44,clear sky
258,Pangody,RU,65.85,74.4859,36.39,93,100,17.74,overcast clouds
259,Mitu,CO,1.1983,-70.1733,85.15,74,76,3.47,broken clouds
260,Rio Gallegos,AR,-51.6226,-69.2181,53.65,37,40,10.36,scattered clouds
261,Saquarema,BR,-22.92,-42.5103,78.94,83,97,6.58,light rain
262,Casas Grandes,MX,30.3667,-107.95,57.43,72,27,6.67,scattered clouds
263,Innisfail,AU,-17.5333,146.0333,76.14,85,93,2.59,overcast clouds
264,Taoudenni,ML,22.6783,-3.9836,94.75,12,100,3.4,overcast clouds
265,Kargasok,RU,59.0556,80.8572,40.14,88,100,11.7,overcast clouds
266,Gainesville,US,29.6516,-82.3248,61.07,41,35,1.99,scattered clouds
267,Tsiroanomandidy,MG,-18.7667,46.0333,74.55,61,28,7.45,light rain
268,Maningrida,AU,-12.0667,134.2667,80.85,77,99,3.06,overcast clouds
269,Lasa,IT,46.6166,10.7002,51.69,71,7,1.03,clear sky
270,Paciran,ID,-6.8767,112.3761,80.38,80,100,1.97,light rain
271,Chokurdakh,RU,70.6333,147.9167,-7.74,100,100,2.68,overcast clouds
272,Camana,PE,-16.6228,-72.7111,66.58,72,40,9.57,scattered clouds
273,Dingle,PH,10.9995,122.6711,76.39,90,99,1.9,overcast clouds
274,Champerico,GT,14.3,-91.9167,83.59,75,37,16.84,scattered clouds
275,Aklavik,CA,68.2191,-135.0107,25.95,96,100,6.17,overcast clouds
276,Yanai,JP,33.9667,132.1167,55.18,70,0,7.47,clear sky
277,Ust-Barguzin,RU,53.45,108.9833,33.51,87,35,4.07,scattered clouds
278,Paamiut,GL,61.994,-49.6678,34.27,82,100,24.74,light snow
279,Oksfjord,NO,70.2396,22.3479,39.38,91,100,14.54,light rain
280,Brasilia De Minas,BR,-16.2064,-44.4333,95.5,17,15,5.26,few clouds
281,Marsabit,KE,2.3284,37.9899,73.65,44,84,17.69,broken clouds
282,Ust-Nera,RU,64.5667,143.2,-5.75,100,71,3.87,broken clouds
283,Tangjiazhuang,CN,39.7333,118.45,53.04,49,0,4.99,clear sky
284,Haines Junction,CA,60.7522,-137.5108,38.28,93,94,3.47,overcast clouds
285,Lensk,RU,60.7253,114.9278,29.08,86,100,10.02,overcast clouds
286,Glogow,PL,51.6636,16.0845,49.46,78,41,5.48,scattered clouds
287,Besancon,FR,47.2488,6.0182,67.14,84,78,3.42,broken clouds
288,Buraydah,SA,26.326,43.975,81.16,12,7,4.83,clear sky
289,Loandjili,CG,-4.7561,11.8578,78.1,79,51,9.22,broken clouds
290,Aktau,KZ,43.65,51.2,57.78,67,58,21.88,broken clouds
291,Katsuura,JP,35.1333,140.3,59.54,68,78,17.2,broken clouds
292,Shimoda,JP,34.6667,138.95,57.11,71,53,14.27,broken clouds
293,Bilibino,RU,68.0546,166.4372,16.65,90,100,8.81,overcast clouds
294,Whitecourt,CA,54.1502,-115.6855,56.37,41,72,3.11,broken clouds
295,Mahibadhoo,MV,3.7833,72.9667,81.95,75,100,14.47,overcast clouds
296,Piracanjuba,BR,-17.3028,-49.0167,96.66,19,48,4.85,scattered clouds
297,Menongue,AO,-14.6585,17.691,77.94,34,72,4.5,broken clouds
298,Anadyr,RU,64.75,177.4833,34.02,95,100,10.74,overcast clouds
299,Torzhok,RU,57.0436,34.9622,42.24,87,100,5.44,overcast clouds
300,Athabasca,CA,54.7169,-113.2854,58.51,32,63,9.91,broken clouds
301,Estelle,US,29.8458,-90.1067,60.01,38,0,5.01,clear sky
302,Arlit,NE,18.7369,7.3853,88.99,14,0,3.44,clear sky
303,Limburg,NL,51.25,6.0,58.28,78,100,8.32,overcast clouds
304,Najran,SA,17.4924,44.1277,73.09,19,16,6.58,few clouds
305,Severo-Kurilsk,RU,50.6789,156.125,39.51,70,84,32.86,light rain
306,Ocos,GT,14.5094,-92.1933,83.48,75,32,17.45,scattered clouds
307,Havre-Saint-Pierre,CA,50.2334,-63.5986,51.87,93,99,26.35,overcast clouds
308,Zhezkazgan,KZ,47.8043,67.7144,49.51,49,100,23.47,overcast clouds
309,Kirkwall,GB,58.9848,-2.9587,48.25,71,75,5.75,broken clouds
310,Egvekinot,RU,66.3167,-179.1667,28.02,97,100,22.35,snow
311,Schwandorf,DE,49.3262,12.1093,54.72,79,22,5.39,few clouds
312,Ambovombe,MG,-25.1667,46.0833,70.11,83,12,20.42,few clouds
313,Kropotkin,RU,45.4375,40.5756,61.41,58,0,4.79,clear sky
314,Souillac,MU,-20.5167,57.5167,71.06,73,85,11.18,overcast clouds
315,Punta Cardon,VE,11.6581,-70.215,87.1,63,2,18.81,clear sky
316,Sarkand,KZ,45.41,79.9186,45.36,69,100,6.22,overcast clouds
317,Ketchikan,US,55.3422,-131.6461,52.09,84,100,15.82,light rain
318,Prachuap Khiri Khan,TH,12.2167,99.75,72.95,81,100,3.98,overcast clouds
319,Torbay,CA,47.6666,-52.7314,62.76,88,75,10.36,broken clouds
320,Tacuarembo,UY,-31.7333,-55.9833,76.96,58,81,11.48,broken clouds
321,Meulaboh,ID,4.1363,96.1285,75.99,88,100,2.26,overcast clouds
322,Ciudad Bolivar,VE,8.1222,-63.5497,93.43,44,65,8.77,broken clouds
323,Marabba,SD,12.35,32.1833,89.46,42,61,10.85,light rain
324,Hobyo,SO,5.3505,48.5268,78.87,80,55,17.58,broken clouds
325,Sao Filipe,CV,14.8961,-24.4956,80.42,79,52,8.55,broken clouds
326,Makinsk,KZ,52.6292,70.4169,37.83,95,100,16.51,light rain
327,Podyuga,RU,61.095,40.8647,37.49,80,56,4.99,broken clouds
328,Belyy Yar,RU,53.6039,91.3903,39.09,80,0,0.0,clear sky
329,Gwadar,PK,25.1216,62.3254,81.79,60,66,8.28,broken clouds
330,Kawalu,ID,-7.3817,108.2082,72.72,98,100,1.39,overcast clouds
331,Ulladulla,AU,-35.35,150.4667,61.7,90,100,4.05,overcast clouds
332,Bathsheba,BB,13.2167,-59.5167,83.88,74,29,13.15,light rain
333,Rosarito,MX,32.3333,-117.0333,87.08,37,46,8.72,scattered clouds
334,Skjervoy,NO,70.0311,20.9714,42.8,75,100,17.38,overcast clouds
335,Cururupu,BR,-1.8283,-44.8683,89.58,52,88,9.17,overcast clouds
336,Olenino,RU,56.2092,33.4889,43.05,90,100,12.33,moderate rain
337,Hami,CN,42.8,93.45,52.75,43,57,9.84,broken clouds
338,Kodiak,US,57.79,-152.4072,40.32,81,91,3.89,overcast clouds
339,Geraldton,AU,-28.7667,114.6,61.21,88,40,6.91,scattered clouds
340,Sioux Lookout,CA,50.1001,-91.917,38.5,41,87,5.57,overcast clouds
341,Lunca De Jos,RO,46.5667,25.9833,44.29,90,66,2.35,broken clouds
342,Sao Joao Da Barra,BR,-21.6403,-41.0511,76.53,76,63,19.55,broken clouds
343,Nur,PL,52.6683,22.3221,44.98,72,47,13.38,scattered clouds
344,Russell,US,32.3502,-85.1999,58.15,29,0,13.8,clear sky
345,Pucallpa,PE,-8.3791,-74.5539,96.31,39,100,1.48,overcast clouds
346,Santa Maria,BR,-29.6842,-53.8069,77.97,57,54,7.99,broken clouds
347,Maniitsoq,GL,65.4167,-52.9,29.64,61,88,29.51,overcast clouds
348,Paita,PE,-5.0892,-81.1144,70.18,67,97,13.85,overcast clouds
349,Sosnovka,RU,56.255,51.2842,39.56,83,100,2.59,overcast clouds
350,Gillette,US,44.2911,-105.5022,62.06,32,0,15.01,clear sky
351,Ahipara,NZ,-35.1667,173.1667,54.21,73,86,12.26,overcast clouds
352,Nanga Eboko,CM,4.6833,12.3667,71.08,96,98,2.21,moderate rain
353,Hovd,MN,48.0056,91.6419,34.03,71,45,4.25,scattered clouds
354,Maracaibo,VE,10.6317,-71.6406,87.21,63,40,0.94,light rain
355,Eyl,SO,7.9803,49.8164,79.29,79,59,16.75,broken clouds
356,Tautira,PF,-17.7333,-149.15,77.02,80,10,10.65,light rain
357,Razole,IN,16.4833,81.8333,76.12,89,82,4.14,broken clouds
358,Spring Hill,US,28.4769,-82.5255,61.83,42,79,5.99,broken clouds
359,Krasnoselkup,RU,65.7,82.4667,34.77,98,100,19.1,light snow
360,Bonavista,CA,48.6499,-53.1147,55.45,83,91,11.12,overcast clouds
361,Bom Jesus,BR,-9.0744,-44.3586,102.2,17,28,4.83,scattered clouds
362,Erenhot,CN,43.6475,111.9767,52.63,42,64,13.42,broken clouds
363,Mayor Pablo Lagerenza,PY,-19.9309,-60.7718,91.58,42,53,10.58,broken clouds
364,Rapid Valley,US,44.0625,-103.1463,70.38,28,0,23.02,clear sky
365,Benjamin Hill,MX,30.1667,-111.1,74.5,42,2,6.85,clear sky
366,Buchanan,LR,5.8808,-10.0467,77.88,84,100,6.04,light rain
367,Narsaq,GL,60.9167,-46.05,37.62,98,100,11.9,overcast clouds
368,Pisco,PE,-13.7,-76.2167,64.45,72,20,10.36,few clouds
369,Flinders,AU,-34.5833,150.8552,63.18,90,100,4.0,overcast clouds
370,Governador Valadares,BR,-18.8511,-41.9494,85.26,45,70,11.23,broken clouds
371,Biak,ID,-0.9131,122.8766,76.6,87,83,0.27,broken clouds
372,Bonfim,BR,3.0833,-59.95,90.34,52,86,8.25,light rain
373,Shakawe,BW,-18.3667,21.85,71.22,59,45,11.34,light rain
374,Yuzhou,CN,34.1628,113.4639,54.36,39,13,3.78,few clouds
375,Zeya,RU,53.75,127.2667,30.78,72,82,4.5,broken clouds
376,Rocha,UY,-34.4833,-54.3333,67.5,80,84,12.24,broken clouds
377,Greci,RO,45.1833,28.2333,61.25,67,13,7.85,few clouds
378,Khvoynaya,RU,58.9,34.5333,39.79,86,100,4.27,overcast clouds
379,Rorvik,NO,64.8621,11.2373,46.51,76,75,13.8,broken clouds
380,Ust-Omchug,RU,61.15,149.6333,2.08,90,100,7.0,overcast clouds
381,Akureyri,IS,65.6835,-18.0878,36.97,81,94,8.7,overcast clouds
382,Nouadhibou,MR,20.931,-17.0347,72.27,80,2,24.05,clear sky
383,Nago,JP,26.5881,127.9761,73.83,71,100,17.94,overcast clouds
384,Turan,VN,16.0678,108.2208,73.38,73,40,10.36,scattered clouds
385,Dalbandin,PK,28.8947,64.4101,74.95,19,28,11.54,scattered clouds
386,Phuntsholing,BT,26.8516,89.3884,66.87,53,0,7.72,clear sky
387,Matagami,CA,49.7502,-77.6328,39.31,93,100,11.5,overcast clouds
388,Chumikan,RU,54.7183,135.315,36.99,68,87,20.58,overcast clouds
389,Mayo,US,38.8876,-76.5119,56.95,48,75,8.05,broken clouds
390,Sawakin,SD,19.1059,37.3321,84.94,71,1,4.92,clear sky
391,Krasnokamensk,RU,50.0979,118.0369,37.53,53,77,5.35,broken clouds
392,Zhigansk,RU,66.7697,123.3711,15.66,95,98,7.31,overcast clouds
393,Tessalit,ML,20.1986,1.0114,92.8,14,69,8.84,broken clouds
394,Storforshei,NO,66.4043,14.5233,44.38,87,75,8.05,broken clouds
395,Ixtapa,MX,20.7,-105.2,86.23,70,100,3.44,overcast clouds
396,Luganville,VU,-15.5333,167.1667,78.84,85,72,9.35,broken clouds
397,Aksarka,RU,66.5606,67.7975,37.04,89,99,11.86,overcast clouds
398,Misratah,LY,32.3754,15.0925,73.22,53,6,8.66,clear sky
399,Saint Anthony,US,45.0205,-93.218,42.66,45,0,9.22,clear sky
400,Maceio,BR,-9.6658,-35.7353,83.64,61,75,16.11,broken clouds
401,Corvallis,US,44.5646,-123.262,60.42,90,75,3.44,mist
402,Colares,PT,38.7992,-9.4469,63.79,93,75,21.0,mist
403,Olafsvik,IS,64.8945,-23.7142,44.42,83,100,17.18,overcast clouds
404,Kawambwa,ZM,-9.7915,29.0791,76.64,25,44,1.23,scattered clouds
405,Ilulissat,GL,69.2167,-51.1,28.42,74,75,10.36,broken clouds
406,Marsa Matruh,EG,31.3525,27.2453,71.04,69,14,6.04,few clouds
407,Letlhakane,BW,-21.4167,25.5833,81.1,22,89,9.75,overcast clouds
408,Muskogee,US,35.5834,-95.3336,54.75,28,0,4.14,clear sky
409,Nishihara,JP,26.1842,127.7558,74.48,69,100,18.41,overcast clouds
410,Buenos Aires,AR,-34.6132,-58.3772,71.92,74,75,10.36,broken clouds
411,Nome,US,64.5011,-165.4064,35.67,81,100,11.5,overcast clouds
412,Balikpapan,ID,-1.2675,116.8289,76.19,100,20,2.3,few clouds
413,Namibe,AO,-15.1961,12.1522,69.19,70,28,16.24,scattered clouds
414,Deputatskiy,RU,69.3,139.9,-8.09,89,15,4.23,few clouds
415,Tual,ID,-5.6667,132.75,84.22,72,99,7.05,overcast clouds
416,Bardiyah,LY,31.7561,25.0865,71.55,63,52,7.85,broken clouds
417,Tura,IN,25.5198,90.2201,67.95,74,0,3.94,clear sky
418,Amapa,BR,1.0,-52.0,91.54,46,100,7.4,overcast clouds
419,Vao,NC,-22.6667,167.4833,70.52,70,84,14.88,broken clouds
420,Tigil,RU,57.8,158.6667,22.96,94,96,8.93,light snow
421,Chute-Aux-Outardes,CA,49.1168,-68.399,53.53,96,100,18.43,overcast clouds
422,Bandarbeyla,SO,9.4942,50.8122,78.28,86,10,14.79,clear sky
423,Linhares,BR,-19.3911,-40.0722,81.37,56,79,9.82,light rain
424,Hoopstad,ZA,-27.8327,25.9083,74.98,39,88,7.83,overcast clouds
425,Black River,JM,18.0264,-77.8487,86.67,63,39,7.78,scattered clouds
426,Khovu-Aksy,RU,51.1333,93.6,27.55,74,32,1.66,scattered clouds
427,Kaduqli,SD,11.0167,29.7167,80.47,58,22,5.99,light rain
428,Lakes Entrance,AU,-37.8811,147.981,46.17,84,0,4.25,clear sky
429,Nanzhou,CN,29.3596,112.4024,57.72,35,75,2.77,broken clouds
430,Buala,SB,-8.145,159.5921,79.56,79,73,2.13,broken clouds
431,Litovko,RU,49.2361,135.1742,39.2,58,100,9.91,overcast clouds
432,Nyurba,RU,63.2842,118.3319,16.03,95,59,5.73,broken clouds
433,The Pas,CA,53.8251,-101.2541,48.51,65,91,8.39,overcast clouds
434,Saint-Joseph,RE,-21.3667,55.6167,70.18,74,27,10.04,scattered clouds
435,Lata,PT,40.1629,-8.3327,64.81,85,100,10.07,overcast clouds
436,Chingirlau,KZ,51.095,54.0814,55.31,59,100,18.07,overcast clouds
437,Makakilo City,US,21.3469,-158.0858,73.62,77,0,4.61,clear sky
438,Tougan,BF,13.0667,-3.0667,95.59,19,16,2.68,few clouds
439,Mosjoen,NO,65.836,13.1908,44.71,87,75,1.14,broken clouds
440,Kon Tum,VN,14.35,108.0,68.74,94,80,1.19,broken clouds
441,Senno,RU,59.5336,33.9167,30.25,91,78,4.7,broken clouds
442,Imbituba,BR,-28.24,-48.6703,79.86,76,47,4.9,scattered clouds
443,Araouane,ML,18.9048,-3.5265,97.16,13,22,6.38,few clouds
444,Samarai,PG,-10.6167,150.6667,81.72,79,46,14.34,scattered clouds
445,Oranjemund,NA,-28.55,16.4333,61.45,91,22,11.23,few clouds
446,Carson City,US,39.1638,-119.7674,69.12,27,0,0.0,clear sky
447,Belaya Gora,RU,68.5333,146.4167,-1.73,100,80,2.33,broken clouds
448,Mangrol,IN,21.1167,70.1167,81.03,68,6,6.49,clear sky
449,Pasir Gudang,MY,1.4584,103.8805,82.42,86,75,4.61,broken clouds
450,Ust-Kuyga,RU,70.0167,135.6,-3.71,99,65,7.99,broken clouds
451,Jinji,CN,23.2281,110.8261,62.78,55,100,3.53,overcast clouds
452,Fare,PF,-16.7,-151.0167,77.54,77,7,7.43,clear sky
453,San-Pedro,CI,4.7485,-6.6363,79.7,78,94,8.08,overcast clouds
454,Creel,MX,27.75,-107.6333,57.92,58,22,7.63,few clouds
455,Kajaani,FI,64.2273,27.7285,37.45,93,100,8.05,overcast clouds
456,Cabra,ES,37.4725,-4.4421,78.8,38,99,7.52,overcast clouds
457,Muros,ES,42.7762,-9.0603,64.83,80,32,17.4,scattered clouds
458,Erice,IT,38.037,12.5865,63.07,72,14,8.57,few clouds
459,Mogadishu,SO,2.0371,45.3438,77.74,79,9,12.17,clear sky
460,Trelew,AR,-43.249,-65.3051,82.2,20,6,12.91,clear sky
461,Tirat Karmel,IL,32.7617,34.9719,76.55,69,20,4.61,few clouds
462,Severnoye,RU,56.3491,78.3619,41.63,74,100,11.79,overcast clouds
463,Camacha,PT,33.0833,-16.3333,72.82,60,20,12.66,few clouds
464,Grafton,US,42.207,-71.6856,56.19,49,0,13.8,clear sky
465,Vila Velha,BR,-20.3297,-40.2925,76.95,94,100,10.36,overcast clouds
466,Yanam,IN,16.7333,82.2167,78.49,84,96,4.63,overcast clouds
467,Muncar,ID,-8.4333,114.3333,75.85,89,100,2.42,overcast clouds
468,Husavik,IS,66.0449,-17.3389,36.52,77,96,9.31,overcast clouds
469,Sungaipenuh,ID,-2.0833,101.3833,64.8,91,100,1.63,overcast clouds
470,Atar,MR,20.5169,-13.0499,99.39,9,61,10.71,broken clouds
471,Constitucion,CL,-35.3333,-72.4167,60.28,66,4,9.62,clear sky
472,Aksu,CN,41.1231,80.2644,58.41,20,99,5.73,overcast clouds
473,Katobu,ID,-4.9408,122.5276,75.81,92,100,2.04,overcast clouds
474,Luba,GQ,3.4568,8.5547,79.74,82,92,7.49,overcast clouds
475,Raudeberg,NO,61.9875,5.1352,43.47,65,92,5.5,overcast clouds
476,Taseyevo,RU,57.2169,94.8978,35.96,94,98,3.6,overcast clouds
477,Gushikawa,JP,26.3544,127.8686,74.43,68,100,14.97,overcast clouds
478,Traverse City,US,44.7631,-85.6206,41.2,91,100,14.97,overcast clouds
479,Pitimbu,BR,-7.4706,-34.8086,84.79,64,14,16.51,few clouds
480,Kasaragod,IN,12.5,75.0,76.32,93,100,2.89,light rain
481,Babu,CN,24.4167,111.5167,63.64,32,100,2.19,overcast clouds
482,Batsfjord,NO,70.6345,29.7185,39.13,69,75,32.21,broken clouds
483,Carauari,BR,-4.8828,-66.8958,93.31,48,94,2.06,overcast clouds
484,Tarata,BO,-17.6167,-66.0167,77.07,26,0,5.5,clear sky
485,Itarema,BR,-2.9248,-39.9167,87.03,58,97,20.49,overcast clouds
486,Chippewa Falls,US,44.9369,-91.3929,42.98,59,0,8.05,clear sky
487,Villazon,BO,-22.0866,-65.5942,69.31,2,0,22.03,clear sky
488,Bereda,ES,43.2686,-7.5406,58.41,97,39,6.78,scattered clouds
489,Sabang,ID,5.8933,95.3214,81.1,79,100,23.0,heavy intensity rain
490,Raga,SS,8.4596,25.678,77.85,64,36,3.58,scattered clouds
491,Sinnamary,GF,5.3833,-52.95,85.42,66,78,11.81,broken clouds
492,Sorong,ID,-0.8833,131.25,79.32,84,89,3.0,overcast clouds
493,Safranbolu,TR,41.2508,32.6942,55.17,93,14,3.11,few clouds
494,Kailua,US,21.4022,-157.7394,75.07,79,41,8.95,scattered clouds
495,Kattivakkam,IN,13.2167,80.3167,86.09,81,95,8.1,overcast clouds
496,Bujak,HU,47.8835,19.5438,57.51,55,0,10.85,clear sky
497,Korla,CN,41.7597,86.1469,56.41,25,72,12.88,broken clouds
498,Anchorage,US,61.2181,-149.9003,41.05,91,100,8.05,overcast clouds
499,Saint Stephen,GB,50.3333,-4.9,64.67,88,75,16.11,broken clouds
500,Berlevag,NO,70.8578,29.0864,39.15,70,100,33.38,overcast clouds
501,Atlantic City,US,39.3643,-74.4229,55.58,42,75,13.8,broken clouds
502,Jacmel,HT,18.2342,-72.5347,84.85,68,34,7.09,scattered clouds
503,Vila Franca Do Campo,PT,37.7167,-25.4333,66.61,67,93,23.11,overcast clouds
504,San Nicolas,PH,18.1725,120.5953,76.15,92,100,10.54,light rain
505,Portland,US,45.5234,-122.6762,61.09,84,40,5.01,mist
506,Kamina,CD,-8.7386,24.9906,73.06,50,53,3.62,broken clouds
507,Nanning,CN,22.8167,108.3167,62.31,69,100,4.72,overcast clouds
508,Kaduna,NG,10.5222,7.4383,79.41,42,19,6.13,few clouds
509,La Romana,DO,18.4273,-68.9728,88.16,74,40,23.02,scattered clouds
510,Aykhal,RU,66.0,111.5,15.26,93,94,6.64,overcast clouds
511,Guayaramerin,BO,-10.8368,-65.3614,91.85,49,92,3.47,overcast clouds
512,Lazaro Cardenas,MX,17.9583,-102.2,79.29,85,99,1.34,overcast clouds
513,Hay River,CA,60.8156,-115.7999,51.12,59,86,12.44,overcast clouds
514,Guasdualito,VE,7.2424,-70.7324,86.74,62,91,4.43,overcast clouds
515,Puerto Leguizamo,CO,-0.1934,-74.7819,82.58,76,100,3.71,overcast clouds
516,Biltine,TD,14.5333,20.9167,91.22,19,10,5.99,clear sky
517,Skelleftea,SE,64.7507,20.9528,45.0,85,0,11.5,clear sky
518,Sindor,RU,62.8629,51.8905,34.45,82,100,8.48,overcast clouds
519,Gornyy,RU,55.1153,83.9059,36.72,79,83,8.5,broken clouds
520,Padang,ID,-0.9492,100.3543,77.68,83,85,3.04,overcast clouds
521,Byron Bay,AU,-28.65,153.6167,64.71,90,100,9.37,moderate rain
522,Ulan-Ude,RU,51.8261,107.6098,37.29,64,40,6.71,scattered clouds
523,Ust-Kulom,RU,61.6864,53.6902,34.66,95,68,8.88,light snow
524,Ingham,US,42.6,-84.3833,42.98,77,100,14.34,overcast clouds
525,Port-Cartier,CA,50.0334,-66.8654,48.74,97,100,24.14,moderate rain
526,Obihiro,JP,42.9172,143.2044,40.06,81,6,5.86,clear sky
527,Roald,NO,62.5833,6.1333,44.74,76,75,5.75,broken clouds
528,Masty,BY,53.4122,24.5387,42.37,69,32,10.89,scattered clouds
529,Neropolis,BR,-16.4064,-49.2186,95.88,20,38,8.9,scattered clouds
530,Valparaiso,CL,-33.0393,-71.6273,64.04,90,0,12.66,clear sky
531,Agadez,NE,19.75,10.25,78.55,20,0,8.68,clear sky
532,Grand Gaube,MU,-20.0064,57.6608,70.38,73,44,1.99,scattered clouds
533,Dabakala,CI,8.3667,-4.4333,84.34,69,86,1.74,overcast clouds
534,Lujan,AR,-34.5703,-59.105,75.13,64,55,1.99,broken clouds
535,Merke,KZ,42.8728,73.1786,43.45,72,91,4.41,overcast clouds
536,Griffith,US,41.5284,-87.4237,47.05,54,0,17.27,clear sky
537,Port Augusta,AU,-32.5,137.7667,61.12,73,100,10.71,overcast clouds
538,Terekli-Mekteb,RU,44.1671,45.8698,60.82,79,95,4.41,overcast clouds
539,Kerewan,GM,13.4898,-16.0888,90.21,57,65,4.63,broken clouds
540,Knysna,ZA,-34.0363,23.0471,74.01,68,21,1.7,few clouds
541,Seoul,KR,37.5683,126.9778,51.24,40,0,2.24,clear sky
542,Manakara,MG,-22.1333,48.0167,69.98,87,8,6.49,clear sky
543,Nizhnyaya Omka,RU,55.4338,74.9426,42.82,68,100,12.62,overcast clouds
544,Bac Lieu,VN,9.285,105.7244,77.9,89,85,7.76,overcast clouds
545,Tucurui,BR,-3.7661,-49.6725,99.66,30,60,5.06,broken clouds
546,Nemuro,JP,43.3236,145.575,48.67,65,77,10.36,broken clouds
547,Ust-Tsilma,RU,65.441,52.1498,33.44,85,100,7.92,overcast clouds
548,Pontianak,ID,-0.0333,109.3333,75.18,100,75,3.44,broken clouds
549,Praxedis Guerrero,MX,31.3667,-106.0167,58.46,54,8,5.91,clear sky
550,Aneho,TG,6.2333,1.6,80.96,78,22,12.55,few clouds
551,Oranjestad,AW,12.524,-70.027,88.92,71,40,18.41,scattered clouds
552,Pampas,PE,-12.4,-74.9,64.33,46,69,7.85,broken clouds
553,Tiarei,PF,-17.5333,-149.3333,78.82,78,2,8.81,light rain
554,Okha,RU,53.5739,142.9478,37.18,80,45,12.41,scattered clouds
555,Aswan,EG,24.0934,32.907,86.13,24,43,15.59,scattered clouds
556,Tairua,NZ,-37.0167,175.85,52.59,81,94,8.39,overcast clouds
557,Metro,ID,-5.1131,105.3067,75.13,91,99,6.24,overcast clouds
558,Sao Jose Da Coroa Grande,BR,-8.8978,-35.1478,80.44,62,24,12.12,few clouds
559,Necochea,AR,-38.5473,-58.7368,72.73,47,17,11.16,few clouds
560,Tobermory,CA,45.2501,-81.6665,38.73,85,100,15.14,overcast clouds
561,Yining,CN,29.0361,114.5636,51.15,49,58,1.36,broken clouds
562,Santa Barbara,US,34.7333,-120.0343,84.83,41,0,0.0,clear sky
563,Jinchang,CN,38.4953,102.1739,54.48,31,100,4.0,overcast clouds
564,Sangar,RU,63.9242,127.4739,17.08,96,100,2.17,overcast clouds
565,Kofele,ET,7.0667,38.7833,53.83,82,95,5.55,overcast clouds
566,Wanning,CN,18.8003,110.3967,75.76,93,100,6.24,overcast clouds
567,Okhotsk,RU,59.3833,143.3,21.83,58,0,17.74,clear sky
568,Aosta,IT,45.7667,7.4167,55.92,61,51,5.75,broken clouds
569,Bireun,ID,5.203,96.7009,79.27,82,100,4.99,overcast clouds
570,Sanmenxia,CN,34.7747,111.1814,54.7,41,5,8.48,clear sky
571,Nizhnyaya Tavda,RU,57.6731,66.1725,40.93,89,100,6.31,overcast clouds
572,Havoysund,NO,70.9963,24.6622,39.43,62,100,31.27,overcast clouds
573,Luderitz,NA,-26.6481,15.1594,62.89,83,47,16.71,scattered clouds
574,Goderich,CA,43.7501,-81.7165,45.91,91,99,24.47,overcast clouds
575,Pemangkat,ID,1.1667,108.9667,78.71,83,100,1.97,overcast clouds
576,Parintins,BR,-2.6283,-56.7358,96.73,38,82,6.82,broken clouds
577,Sturgis,US,41.7992,-85.4192,45.07,78,100,12.66,overcast clouds
578,Tsovak,AM,40.1825,45.6329,53.22,57,3,6.2,clear sky
579,Itupiranga,BR,-5.1347,-49.3267,95.32,37,43,2.3,scattered clouds
580,Barcelos,PT,41.5388,-8.6151,65.84,85,78,12.57,broken clouds
581,Benguela,AO,-12.5763,13.4055,75.13,75,48,9.24,scattered clouds
582,Freeport,US,40.6576,-73.5832,55.06,48,0,20.71,clear sky
583,Peddapuram,IN,17.0833,82.1333,80.69,86,100,5.32,overcast clouds
584,Iralaya,HN,15.0,-83.2333,84.85,68,99,6.87,overcast clouds
585,Namatanai,PG,-3.6667,152.4333,79.0,79,99,6.93,overcast clouds
586,Saint-Augustin,CA,51.226,-58.6502,56.77,69,71,13.51,broken clouds
587,Sinop,TR,41.7711,34.8709,56.05,95,87,2.28,overcast clouds
588,Archidona,ES,37.0965,-4.3887,68.92,40,98,6.69,overcast clouds
589,Craig,US,40.5153,-107.5464,56.82,37,0,0.0,clear sky
590,Isangel,VU,-19.55,169.2667,72.66,85,94,10.58,overcast clouds
591,Nadym,RU,65.5333,72.5167,36.18,91,100,16.04,overcast clouds
592,Pitsunda,GE,43.1592,40.3378,62.78,72,99,5.39,overcast clouds
593,Funadhoo,MV,6.15,73.2667,81.3,79,96,16.55,overcast clouds
594,Saint Paul,US,44.9444,-93.0933,43.39,43,0,8.05,clear sky
595,Sal Rei,CV,16.1833,-22.9167,84.4,70,40,17.27,scattered clouds
596,Ekhabi,RU,53.5102,142.9671,36.45,82,56,12.21,broken clouds
597,Pennagaram,IN,12.1333,77.9,71.31,91,89,1.77,overcast clouds
598,Pangkalanbuun,ID,-2.6833,111.6167,75.0,98,100,1.7,light rain
599,Potenza,IT,40.6443,15.8086,58.35,68,0,4.05,clear sky
600,Plettenberg Bay,ZA,-34.0527,23.3716,72.5,72,48,0.89,scattered clouds
601,Taurianova,IT,38.3563,16.0109,70.38,87,38,4.97,scattered clouds
602,Isla Vista,US,34.4133,-119.861,91.83,36,0,3.44,clear sky
603,Terebesti,RO,47.6833,22.7167,57.22,58,75,9.22,broken clouds
604,Salalah,OM,17.0151,54.0924,80.69,54,0,3.44,clear sky
605,Bako,ET,5.7833,36.5667,65.66,82,97,4.43,light rain
606,Pimentel,PE,-6.8367,-79.9342,70.09,60,20,19.57,few clouds
607,Petropavlovsk-Kamchatskiy,RU,53.0452,158.6483,31.78,59,30,26.49,scattered clouds
608,Moerai,PF,-22.4333,-151.3333,72.64,78,33,23.64,light rain
609,Am Timan,TD,11.0297,20.2827,84.51,45,76,4.59,broken clouds
610,Ouesso,CG,1.6136,16.0517,74.17,93,79,2.51,moderate rain
611,Santa Rosa,PH,14.3122,121.1114,78.78,94,100,5.01,moderate rain
612,Zverinogolovskoye,RU,54.4586,64.8542,40.59,91,100,6.2,overcast clouds
613,Teguise,ES,29.0605,-13.564,75.42,65,20,17.27,few clouds
614,Port Lincoln,AU,-34.7333,135.8667,56.97,88,42,9.55,scattered clouds
615,Alberton,CA,46.8168,-64.0654,60.42,92,100,23.51,overcast clouds
616,Hernani,ES,43.2662,-1.9762,81.01,50,20,7.0,few clouds
617,Gorin,RU,51.1983,136.6669,32.72,75,57,4.74,broken clouds
618,Oktyabrskiy,RU,54.4815,53.471,42.94,88,100,3.85,overcast clouds
619,San Francisco De Becerra,HN,14.6333,-86.1,83.01,68,99,2.39,overcast clouds
620,Homer,US,59.6425,-151.5483,44.49,83,100,8.05,overcast clouds
621,Puerto Maldonado,PE,-12.6,-69.1833,90.0,70,40,2.3,scattered clouds
622,College,US,64.8569,-147.8028,29.59,93,75,4.61,mist
623,Poum,NC,-20.2333,164.0167,75.36,75,71,10.65,broken clouds
624,Nantucket,US,41.2835,-70.0995,57.34,67,52,22.66,broken clouds
625,Los Llanos De Aridane,ES,28.6585,-17.9182,72.12,79,40,4.61,scattered clouds
626,Gryazovets,RU,58.88,40.2525,35.92,84,76,4.56,broken clouds
627,Bermejo,AR,-32.8833,-68.8,69.71,43,40,2.3,scattered clouds
628,Camacupa,AO,-12.0167,17.4833,67.35,64,96,3.96,overcast clouds
629,Novocherkassk,RU,47.4181,40.0939,61.05,76,0,2.24,clear sky
630,Tres Picos,MX,15.8667,-93.5333,86.4,65,88,6.04,overcast clouds
631,Mbuji-Mayi,CD,-6.15,23.6,76.23,72,85,2.37,moderate rain
632,Kadipur,IN,26.1667,82.3833,73.99,61,0,2.62,clear sky
633,Ondjiva,AO,-17.0667,15.7333,84.2,28,87,2.39,overcast clouds
634,Huangchuan,CN,32.1272,115.0394,55.99,46,5,8.77,clear sky
635,Puerto Quijarro,BO,-17.7833,-57.7667,98.1,33,87,6.44,overcast clouds
636,Mareeba,AU,-17.0,145.4333,73.44,94,46,1.99,scattered clouds
637,Mlonggo,ID,-6.5333,110.7,78.85,83,100,5.37,overcast clouds
638,Zile,TR,40.3031,35.8864,56.79,63,59,0.4,broken clouds
639,Mitsamiouli,KM,-11.3847,43.2844,76.14,76,9,7.76,clear sky
640,Umm Kaddadah,SD,13.6017,26.6876,91.26,18,4,9.26,clear sky
641,Ibra,OM,22.6906,58.5334,77.85,25,53,2.01,broken clouds
642,Pervomayskiy,RU,53.2485,40.2871,46.72,90,100,5.06,overcast clouds
643,Chulym,RU,55.0997,80.9572,41.14,77,100,10.8,overcast clouds
644,Turukhansk,RU,65.8167,87.9833,32.18,95,100,16.62,overcast clouds
645,Gornopravdinsk,RU,60.05,69.9,39.87,94,100,7.61,light rain
646,Uusikaupunki,FI,60.8004,21.4084,46.69,73,98,14.9,overcast clouds
647,Jalingo,NG,8.8833,11.3667,83.32,64,67,2.95,broken clouds
648,Mabaruma,GY,8.2,-59.7833,89.33,56,91,7.43,overcast clouds
649,Gat,IL,31.61,34.7642,74.08,100,43,5.55,scattered clouds
650,Santa Rosa De Viterbo,BR,-21.4728,-47.3631,77.83,51,100,1.79,overcast clouds
651,Taunggyi,MM,20.7833,97.0333,57.74,83,0,1.68,clear sky
652,Itoman,JP,26.1247,127.6694,75.22,69,100,18.41,overcast clouds
653,Serafimovich,RU,49.5786,42.736,53.62,44,100,8.14,overcast clouds
654,Huarmey,PE,-10.0681,-78.1522,68.43,68,97,13.27,overcast clouds
655,Yar-Sale,RU,66.8333,70.8333,37.54,89,100,16.6,overcast clouds
656,Jonava,LT,55.0833,24.2833,41.05,82,0,4.61,clear sky
657,Abu Dhabi,AE,24.4667,54.3667,87.91,66,0,5.75,clear sky
658,Salym,RU,60.0625,71.4789,40.41,89,100,7.99,light rain
659,Parrita,CR,9.5201,-84.3225,84.24,69,98,4.81,overcast clouds
660,Ngama,TD,11.7833,17.1667,91.62,28,19,1.21,few clouds
661,Chupaca,PE,-12.0667,-75.2833,66.11,39,57,5.3,broken clouds
662,Cabedelo,BR,-6.9811,-34.8339,84.87,65,29,18.01,scattered clouds
663,Punta Gorda,US,26.9298,-82.0454,61.05,58,0,9.22,clear sky
664,Sorland,NO,67.667,12.6934,47.46,78,100,11.92,overcast clouds
665,Preobrazheniye,RU,42.9019,133.9064,43.52,65,2,8.95,clear sky
666,Baykit,RU,61.67,96.37,33.44,84,100,3.09,overcast clouds
667,Muli,MV,2.9167,73.5667,81.59,76,100,12.77,overcast clouds
668,Kloulklubed,PW,7.0419,134.2556,77.5,76,94,14.29,overcast clouds
669,Muzhi,RU,65.3667,64.6667,37.26,86,99,8.57,overcast clouds
670,Bhadrak,IN,21.0633,86.5054,75.15,86,2,4.18,clear sky
671,Klaksvik,FO,62.2266,-6.589,43.72,71,10,7.87,clear sky
672,Bairiki,KI,1.3292,172.9752,80.6,83,20,11.5,light rain
673,Mecca,SA,21.4267,39.8261,83.82,49,0,1.63,clear sky
674,Tumpat,MY,6.1978,102.171,76.05,94,100,6.73,light rain
675,Gondanglegi,ID,-7.7479,112.0132,75.92,92,97,5.17,overcast clouds
676,Marystown,CA,47.1666,-55.1483,59.68,81,54,14.2,broken clouds
677,Albion,US,42.2431,-84.753,44.56,70,100,9.22,overcast clouds
